
    {
        "sum": 8777424,
        "avr": 286.170579029734,
        "sumMD": 40145,
        "avrMD": 282.7112676056338,
        "sumSD": 38872,
        "avrSD": 273.7464788732394,
        "max": 533,
        "min": 41
    }
    